,mfcc1_mean,mfcc1_var,mfcc2_mean,mfcc2_var,mfcc3_mean,mfcc3_var,mfcc4_mean,mfcc4_var,mfcc5_mean,mfcc5_var,mfcc6_mean,mfcc6_var,mfcc7_mean,mfcc7_var,mfcc8_mean,mfcc8_var,mfcc9_mean,mfcc9_var,mfcc10_mean,mfcc10_var,mfcc11_mean,mfcc11_var,mfcc12_mean,mfcc12_var,mfcc13_mean,mfcc13_var,mfcc14_mean,mfcc14_var,mfcc15_mean,mfcc15_var,mfcc16_mean,mfcc16_var,mfcc17_mean,mfcc17_var,mfcc18_mean,mfcc18_var,mfcc19_mean,mfcc19_var,mfcc20_mean,mfcc20_var,result
0,-368.22852,6284.405,139.1999,472.46808,-7.2855816,180.9294,32.03998,47.039948,11.2423935,169.05663,5.949425,130.13803,-2.6582534,39.98329,6.799154,48.26332,-8.175394,141.41301,4.7615924,57.671032,-0.9483668,132.19771,6.8085475,34.46744,-2.0594049,24.77301,5.508797,44.62124,2.6812022,19.13506,4.2862215,46.091244,-1.2991743,47.334896,3.8819036,34.10475,-0.9065132,18.087542,3.2717319,15.937649,1
1,-364.8631,5740.9526,142.46161,653.401,1.7838435,420.34167,22.051285,93.703285,6.9416013,196.14926,7.783668,91.61396,0.49229366,44.69103,4.4867034,42.682644,-6.1974635,142.83093,7.6893263,71.08273,-6.0657954,120.94398,9.638072,38.705814,-1.311286,24.330982,4.5496817,45.902504,2.6394744,32.529236,4.190292,41.507454,-5.2083435,42.3594,5.8261104,35.219654,-2.1004157,22.543253,3.02127,18.170067,1
2,-285.53964,4479.89,150.4195,755.25836,7.273609,258.09244,19.98913,127.49659,4.212779,92.62963,7.6646423,93.12101,-5.142938,47.50495,3.562545,70.38647,-9.963165,216.76543,1.6810725,48.574078,-6.0529065,98.00918,0.87873083,31.183523,-2.0475566,41.69897,-5.4804716,43.27409,2.8897135,36.31629,2.7836354,28.157078,1.0923167,46.630627,2.883277,44.977417,-3.0039968,21.416887,0.13399008,13.694782,0
3,-289.17978,5711.6235,150.16704,472.67365,3.5884168,189.33737,26.255852,91.73234,8.835138,102.56906,7.1869216,106.24792,-8.550642,55.26545,3.4759378,66.64141,-8.479941,156.33246,1.2665559,53.362236,-7.0293517,167.94136,3.0810661,38.56511,-0.24561238,26.752035,-4.319957,24.655962,-0.33637315,45.550076,-1.9351137,23.131176,0.33638424,38.801285,5.192046,44.91109,-2.0410812,25.466452,1.9279493,16.619587,0
4,-291.47955,6166.304,152.19875,714.06665,3.5323431,166.19669,23.39514,142.92905,5.158015,160.63033,7.9969277,127.3888,-5.100242,61.40263,4.288738,61.96446,-10.21711,227.85553,3.1929522,53.487423,-4.98767,148.3538,2.9200232,48.934105,-1.9478506,38.566372,-6.526471,31.417934,1.3945514,45.5167,2.1193159,26.692421,1.2107651,46.527023,3.4966834,34.29243,-1.182787,20.408833,1.1050036,10.324032,0
5,-277.15247,4818.932,151.93668,906.41986,2.4562335,219.9051,23.555658,67.53399,5.5757437,105.199394,7.6806912,92.06364,-7.168369,73.908775,2.971511,40.278946,-9.464493,187.39676,1.871615,68.67174,-9.207267,114.103264,2.7878609,38.07211,-0.37265438,27.730862,-6.648058,34.665035,0.8501306,31.43793,0.19468118,24.547323,0.74517334,51.426525,3.853278,64.09384,-2.091967,27.886631,0.27510315,19.329784,0
6,-274.6256,5766.559,155.84877,948.1825,2.798111,246.51004,26.818405,90.7738,6.1027017,135.35712,5.811931,142.01065,-6.3257957,93.71173,3.5225217,101.52916,-11.459119,245.7354,-0.56281114,47.287266,-10.1771345,89.32406,-0.9459838,23.7254,-2.423633,38.00461,-5.9996815,28.960648,-0.4976058,52.27578,0.8242137,35.042126,-1.846942,61.61328,4.5904484,56.964127,-1.2220953,31.311407,3.1833248,18.023294,0
7,-367.3797,6397.675,140.26201,541.59827,-3.0526726,158.58528,26.706564,92.53956,4.3991156,150.72818,6.9365554,95.79364,2.512549,62.390526,4.5639257,44.115574,-10.623128,262.71637,8.389892,57.025124,-1.8829815,97.87079,5.2818513,51.858334,0.7663492,25.508396,3.7794986,54.600666,2.116941,20.428902,5.1366982,44.819576,-0.12575066,35.86304,5.870025,37.644314,-0.7118259,25.787563,1.0887656,13.196604,1
8,-339.7924,12848.275,126.01783,797.47363,11.081516,138.52821,18.467228,89.011475,8.272809,112.563225,1.9508928,144.51834,4.49731,68.68884,3.1439538,82.292114,-9.011415,205.39397,7.7402506,77.36272,-0.1543807,137.152,6.0018325,34.42759,2.1099234,50.722374,6.82242,33.33635,2.7868385,14.111499,2.6078615,28.232538,0.5360979,62.984062,3.7182772,28.193695,-2.2279017,22.595589,1.6503524,21.559793,1
9,-364.24197,7946.682,139.37798,696.36316,-1.540985,331.76575,27.390217,55.985664,9.761206,167.82968,3.268749,125.389915,1.5229844,57.570393,3.409895,33.504993,-4.9983373,172.70099,5.836994,46.832355,-2.4838846,161.02966,6.050307,54.426933,-0.7140355,46.340492,4.76151,55.28437,1.1007912,33.400677,-0.9280851,46.810658,0.3355042,57.291874,3.5213795,54.561886,-4.47641,29.059534,3.6174374,21.28746,1
10,-358.68057,7798.627,137.72554,900.9355,-1.4931653,255.04276,26.036825,116.75651,5.4044228,187.27342,4.399961,185.20412,2.8957102,71.35882,3.9920518,63.01166,-7.043389,283.04355,8.097104,43.467796,-4.1236567,121.22298,6.990669,53.743286,0.4635232,36.6728,6.9748125,33.94845,0.45612428,41.236233,-0.25819454,44.339874,-1.490013,43.05236,5.14703,46.36243,-4.5436254,23.839846,2.590874,22.1019,1
11,-334.1745,10967.365,136.85999,1100.4521,3.55605,550.1912,22.003624,153.73952,12.924275,228.40907,4.602883,204.25891,0.5038509,95.14576,1.9715221,81.34253,-6.728122,210.16516,6.7351766,68.949196,-2.743935,105.79318,5.7371855,56.846855,1.5213894,68.06422,2.2595506,54.603325,3.3153565,30.365852,2.9303598,47.292965,-4.272694,61.07309,4.571831,41.187122,-0.6581871,45.831512,1.5037698,20.664133,1
12,-362.33298,6616.2656,142.9052,443.0969,-3.6744764,211.15977,32.097675,53.957447,7.351295,139.39479,5.582225,176.02266,1.3582072,37.436802,5.516977,46.560787,-6.3518224,158.76837,7.639174,28.254726,-2.5153136,146.43771,8.01211,57.15,2.917689,25.952787,-0.44008055,44.325016,0.8389676,49.91802,8.862525,75.76443,-2.7412689,34.280083,5.1937327,47.79849,2.8306174,17.552929,1.7968632,26.5425,1
13,-354.30975,7216.4233,136.39009,446.25784,3.7448275,204.04134,23.033092,71.84501,16.271473,160.02928,2.263208,141.00223,2.926764,63.878475,4.278674,62.589626,-4.228481,100.386116,4.1452117,40.42409,-0.7864568,142.44266,5.387915,69.88666,5.442699,48.383217,-0.61100376,41.479427,1.9008356,29.506702,6.0764737,98.78142,-4.6059575,60.354248,3.4499743,27.587238,3.1383708,16.516663,-0.604855,10.995185,1
14,-317.6417,13218.735,137.79434,734.47363,0.25785094,656.58954,17.197927,144.3329,8.945344,248.28798,-3.839463,160.9318,3.8162575,73.12698,1.5503024,108.07717,-6.3821526,238.69391,4.4534535,87.470245,-0.9290143,82.688225,4.179222,50.620422,3.2901635,28.757183,0.23171514,34.170517,-1.2080884,34.68838,4.5693645,39.318027,-2.1504672,46.20907,1.5961612,36.541676,-0.17599247,47.695255,0.9748624,23.155666,0
15,-337.16882,10650.891,143.88998,355.04797,-5.3201385,522.74615,23.027712,112.32287,6.439836,251.00368,1.5348179,146.0586,5.5914836,72.79471,-0.77595675,70.8518,-6.8186817,172.88475,5.4239774,47.52468,-0.2411561,68.90268,4.982481,33.98144,3.643986,30.09738,2.1154518,27.581488,0.15218101,41.329014,3.1323447,30.815294,-3.9838471,39.25886,1.8903012,35.25377,-1.1509712,37.263668,1.3653663,20.493225,0
16,-291.44266,9606.303,135.53561,1229.6251,-9.429169,649.0185,33.55154,466.10498,9.2260685,348.35098,3.7764297,187.30411,2.3789947,169.3242,1.5389947,119.2716,-9.208068,172.99005,5.14919,35.71913,-4.518772,135.67294,4.8814626,82.98867,0.2601073,37.578724,1.469968,63.115067,-1.1426936,39.73098,5.4776692,61.335007,-6.0614376,66.86922,5.5013733,47.182884,-2.833917,34.89028,2.653887,14.614813,0
17,-337.2379,10767.988,127.85154,1776.4347,4.1169467,713.27954,23.313477,266.14767,10.786243,192.70726,5.3659177,119.14759,-0.09225733,59.946102,-2.1851542,82.832924,-8.41059,208.07729,7.6846437,51.53204,-0.7200774,36.134304,3.98819,60.78754,-0.34956563,63.381542,3.98674,32.914722,-0.31508198,38.311466,3.6037695,27.096962,-2.0254087,55.500546,4.0804334,34.92702,-3.1112182,50.028946,2.354983,23.096786,0
18,-360.9186,13015.881,100.55785,1442.3116,15.686743,483.61258,3.8666887,531.65796,2.9093537,364.35983,12.025556,215.38449,5.764755,267.75827,-7.617538,162.3314,-5.2209134,194.62733,-6.8736176,51.477253,-15.609324,154.44794,-2.7463086,174.36305,-30.432,238.42667,2.4438488,167.109,-11.177515,108.210434,-10.433564,66.39448,-6.662333,52.469864,-3.2917666,43.184223,-9.631318,99.00715,-3.4959052,36.89774,0
19,-342.3211,14101.045,89.66717,2581.795,13.074075,844.3049,0.74151105,696.9514,2.638197,604.6005,10.23282,269.9699,-4.5074735,361.46155,-20.174131,312.67725,-2.6233535,337.9198,-13.997944,94.61129,-16.80348,166.69313,-7.1865897,146.07202,-15.685816,131.4683,6.9381413,133.06566,-16.232481,147.1453,-6.717811,92.60976,-3.4783275,85.307434,2.6819031,24.033596,-8.37102,60.171425,5.5144253,22.119806,0
20,-390.45853,12361.675,98.263245,1011.7925,17.101711,867.8662,4.05273,575.6041,7.581333,440.2579,3.501427,246.91136,-3.1920316,273.66998,-14.201916,221.43741,-4.023262,293.67676,-3.9449718,120.09251,-19.759186,147.36737,-8.317293,179.26404,-19.339985,166.41582,12.157836,179.82816,-13.864607,129.93105,-5.433328,57.571514,-2.695685,92.262215,-0.4515112,89.019,-4.5367055,70.639656,1.9232855,40.83226,0
21,-378.68417,11675.742,83.65292,2335.1602,10.277647,857.219,10.76958,666.55426,-8.476721,453.34552,14.065827,340.2047,-10.112541,391.16855,-9.581291,237.73778,-6.0970244,402.7743,-10.760278,89.913376,-10.949365,129.55705,-13.5215225,171.94397,-26.043234,185.46799,4.0996294,135.83618,-13.100976,67.626526,-11.097426,81.90888,-6.7072396,68.08228,2.8178742,39.26845,-2.9562657,38.92363,-2.79969,63.669254,0
22,-354.20203,14245.829,93.36732,2045.5913,6.2330794,790.4319,3.0749571,480.80853,-2.3143244,309.70383,12.468574,427.8214,-5.686058,403.30765,-9.949611,212.08424,-4.39361,415.64816,-7.7351,65.21541,-9.42465,80.71603,-11.265936,137.71655,-19.585056,121.3715,3.8397968,131.49023,-7.457161,95.8357,-4.8495917,101.26652,-2.9284208,80.13184,8.382808,61.758347,-7.719245,83.08189,2.5405736,51.87983,0
23,-377.94513,12022.787,99.730316,1742.7749,19.725334,766.96344,4.587132,973.1281,-0.16427006,666.62994,14.23779,376.81107,-4.4248905,413.08743,-10.366034,332.22906,-8.928627,381.94122,-8.193236,94.915276,-7.012456,70.07996,-16.933525,153.66292,-22.734203,150.47565,3.3322737,91.02732,-10.914932,99.10284,-6.61813,116.05752,-7.500682,105.67779,2.1713111,57.45126,-6.50081,50.060787,-2.293164,26.25222,0
24,-393.37766,10756.613,104.19805,1341.6597,14.063341,404.75552,-0.98791516,463.40686,-1.8984923,602.98627,15.278045,278.06732,-4.388282,365.96008,-2.1112278,121.06234,-0.86426634,532.7179,-11.759242,96.190384,-14.303894,133.75609,-10.847779,172.97002,-15.196682,74.002075,0.43993863,70.396126,-10.958639,108.35283,-8.119523,40.14977,-0.10823007,31.463612,2.374142,69.39817,-7.8539367,71.486,-4.441792,41.085217,0
25,-403.71967,14515.408,103.80884,2375.3218,9.426818,624.4106,0.1763842,860.71204,-1.4298884,486.7596,12.496926,256.1876,0.87989897,287.01242,-14.916234,262.49075,-9.656365,229.25415,-7.4124203,90.291374,-14.10852,84.4807,-1.7169006,168.56635,-13.890734,79.60987,1.3958424,82.293106,-8.282685,130.58421,-8.765047,91.355995,-1.0756043,68.875946,0.50621617,26.887087,-9.965636,90.32114,0.47839406,32.31171,0
26,-402.98004,5918.4146,114.7479,2912.6335,15.424878,491.73407,2.7925937,857.2731,-10.662537,722.8957,15.248355,249.7412,-2.3291311,347.73538,-10.626718,128.14862,-10.216209,272.9125,-8.400486,104.87187,-15.860354,63.864365,-4.8300014,78.1225,-13.876085,86.8358,2.0057175,87.04074,-8.515227,93.21646,-13.891775,101.8097,-0.94075745,88.5903,-3.173394,45.16191,-3.3328915,74.45434,-4.6425266,25.660301,0
27,-432.5595,13874.067,89.82531,2126.9429,10.13855,652.2469,10.390803,715.55975,-1.4536648,766.12396,8.095306,324.566,2.9227674,420.1,-13.369504,297.74475,-7.275085,247.79845,-1.5079633,66.19817,-16.148104,146.8492,-2.2364783,206.12111,-20.594778,178.4468,0.39866143,142.7224,-6.005079,59.9719,-10.85324,68.45092,2.20737,133.27486,-3.2435172,46.50822,-2.860929,52.07484,-0.058772307,47.047623,0
28,-382.71176,13515.719,112.23353,1579.2458,11.583982,496.99518,0.48976293,823.19684,-1.9258355,498.5239,6.059934,268.42703,6.4798355,363.05865,-14.828792,285.26483,-3.0195694,256.82037,-2.0907612,102.57273,-23.670254,149.91252,-4.7227716,131.3159,-21.923172,142.55794,4.4285054,128.03088,-11.143981,122.93092,-8.434222,93.544365,-1.8250983,110.527916,3.98031,48.731243,-12.967516,95.40686,4.752442,56.29971,0
29,-403.88718,13497.007,99.00942,1812.095,1.0408193,633.0096,4.7377405,902.549,2.746018,599.70917,13.011649,211.41797,6.2906284,165.0671,-11.548735,220.20047,-9.092254,325.35757,-1.3494347,80.606964,-17.590887,181.44499,3.7084973,98.78613,-15.040918,79.85801,0.904862,109.49519,-6.8053575,64.978775,-9.264075,57.618412,-0.012887467,47.55248,0.41181657,47.714348,-9.2479105,141.70319,-1.0535883,44.3295,0
30,-390.1987,16893.81,91.67933,1570.4578,12.531488,709.02545,6.9384017,563.8696,1.3252256,409.41745,18.837574,219.99144,5.700808,329.50958,-15.272133,348.67532,-3.4344208,299.36823,0.21078561,44.998077,-17.773325,145.20543,-3.2103324,190.13562,-19.525282,144.02014,4.840461,170.61809,-10.638223,126.87441,-1.1576049,91.57619,0.8728118,71.46794,2.3948615,41.849834,-8.325164,85.629295,1.5729158,25.756758,0
31,-367.2803,12830.821,104.00139,1504.5085,15.337662,894.0824,0.6491773,698.1558,-3.1506274,519.65295,13.233692,277.97668,6.670028,323.25916,-12.543976,303.77347,-5.3373685,201.28351,-4.1252437,65.27619,-13.891865,94.183235,-4.67104,244.04843,-23.692799,164.98985,4.3878393,202.89667,-4.8305545,85.692505,-11.643298,71.68157,-3.2038305,94.099365,2.5319738,36.627453,-9.664932,87.01946,-0.60780364,43.782833,0
32,-400.72717,13116.113,93.02383,1302.5134,8.844562,624.36273,3.4505343,551.93164,-4.0407147,468.57104,17.535574,314.1317,3.601639,391.95975,-12.229286,163.11209,-7.6276913,205.62372,-6.267748,71.61614,-16.098436,70.89993,-6.708614,238.17793,-18.284071,127.354805,-1.73301,82.161896,-7.775522,120.86091,-7.0870657,71.94082,-5.3917694,59.813797,2.4362934,40.32487,-9.254543,83.934784,1.6863042,13.999787,0
33,-396.8084,3917.0515,111.89365,166.57173,10.406295,184.12675,12.831865,80.973976,-4.2011905,141.2766,2.9981153,89.0583,-13.199772,71.13118,-2.514733,106.72901,-20.054691,91.32395,8.485357,27.114328,-5.151093,58.012676,9.336359,39.23847,-9.616995,53.6877,6.817626,24.139889,-1.9561751,25.347027,2.7310345,26.748903,1.0764962,64.56018,5.236756,26.039742,-2.0419936,47.25736,1.1908753,25.532064,1
34,-350.3033,2806.7876,106.858284,237.28941,-5.0142035,208.92274,10.518459,100.78332,-8.322823,258.3566,5.2870774,95.33332,-19.33564,134.55322,-4.8797297,151.74052,-21.448677,76.94781,12.458302,66.326546,-9.003707,55.458218,9.89007,39.673958,-5.394893,93.7887,10.279571,61.57429,0.59678626,19.879326,-5.302615,32.934628,-4.3042693,43.371098,10.54838,27.58681,-5.4636445,57.23118,2.5137122,46.589573,1
35,-377.69705,2555.123,111.01684,371.94287,4.9125137,231.62587,15.859051,55.85041,-7.2802553,246.61653,9.72996,87.62294,-16.531473,116.2096,-2.7793255,132.51483,-23.50879,64.286766,11.472936,70.06875,-8.312827,50.558384,11.572892,34.732098,-8.314856,112.62898,6.3412685,42.872597,-1.2280897,33.480663,-0.90598315,33.989693,-3.5213385,39.49129,6.6059985,27.903698,-5.194877,39.183838,2.347419,67.54533,1
36,-384.4302,3004.067,109.23772,433.63907,14.177419,142.88152,15.247028,53.957047,-7.4723706,196.21002,12.10603,59.592007,-13.129863,87.79241,0.12703204,67.0134,-23.649454,64.73884,10.707366,50.749138,-9.551707,23.931698,13.240137,32.023575,-7.2940893,97.425804,6.462614,32.83891,0.12084933,56.767105,-2.2601824,21.242514,-3.0930312,25.330051,5.6096067,22.504639,-6.216628,52.65279,1.4491453,62.478886,1
37,-397.31644,4212.9307,105.09626,296.97092,10.029089,134.76106,14.552531,131.33292,-8.9728775,240.99481,8.4351635,60.983063,-15.928715,102.799385,0.594458,164.37692,-22.674305,95.31808,6.6840854,37.398758,-7.304341,39.92935,11.395113,45.09262,-8.045665,100.438934,7.201798,43.503933,-0.6629632,13.05329,-0.48799315,35.77921,-0.61513174,42.406803,5.976031,14.821086,-0.10699207,49.316982,3.8018188,37.64585,1
38,-386.72223,3661.8223,109.57141,334.12704,8.477495,205.9855,9.121902,98.17465,-12.352212,164.76456,6.9769077,84.58506,-11.259307,106.17585,-5.3474026,152.89247,-21.934263,70.36803,8.072076,41.84306,-6.1108923,35.78393,12.193008,43.90328,-8.611807,113.09138,5.9594016,56.152744,2.4403813,42.14707,-2.9941328,36.600784,-1.7453283,26.006979,5.240758,19.971497,-1.7203425,57.293995,1.7989122,27.808678,1
39,-370.3306,3974.115,86.72202,757.5449,13.288545,147.92673,13.5295725,82.46266,-7.0652804,270.8028,9.753455,80.24796,-17.287294,86.12336,-1.018654,169.62555,-21.17244,89.9115,10.303603,59.893898,-9.317867,37.708275,6.905676,35.805813,-9.261231,32.58812,7.0821743,30.2888,-0.59843016,21.016298,1.7511933,14.487845,-1.6153194,24.52323,2.498737,15.464601,-3.2305448,61.154957,2.0847108,21.248285,1
40,-295.07068,2566.4124,64.181816,793.0893,11.138556,488.4628,27.547358,479.54602,-12.354654,179.29137,5.9231234,174.89798,-27.87727,121.574684,3.7582994,76.37131,-19.57103,71.31225,2.406462,138.53546,-7.6279354,73.190056,13.040511,45.04446,-11.367661,54.557346,5.8526735,40.176254,-3.6986215,43.620472,-6.5862193,108.269264,-2.7279859,38.108936,0.3429349,23.820263,-10.06981,44.644375,2.902221,35.46851,0
41,-334.6966,6555.174,79.76585,774.4347,11.852879,439.5986,22.14894,388.16864,-7.2891192,106.58191,5.792032,115.182434,-24.435658,87.52298,2.7626333,94.77305,-15.320499,74.85779,1.5393771,206.48737,-8.320404,68.17083,11.000909,51.36662,-10.9688,40.22961,7.9466944,71.495544,-1.3865812,41.54081,-2.313287,38.92875,-2.590175,35.23437,0.989992,26.296753,-4.417109,48.39052,1.1457344,23.581978,0
42,-277.85355,4013.5852,50.184788,2068.8267,28.138344,1710.0995,13.301843,566.9479,-5.157712,242.18288,7.383258,195.62491,-32.974644,143.15627,4.077302,171.38295,-16.88279,84.99939,5.9439025,103.91928,-7.166791,75.73369,7.8560853,26.375078,-9.930166,50.01427,4.598974,54.89856,-5.1493735,39.323925,-6.2334,133.18028,-5.045922,33.555264,-1.4582001,26.027199,-11.195028,66.38808,4.9497104,29.53258,0
43,-275.95767,2690.7441,45.564,2074.8398,33.076637,1223.146,14.593121,596.7654,-10.075937,212.94655,4.3536243,178.35294,-29.062794,147.85129,8.771236,137.69824,-23.837543,67.35621,4.4671955,126.372314,-8.263069,51.665504,10.723584,45.480484,-11.8975,59.14594,6.8707995,41.290775,-4.6974416,50.430393,-1.6451755,38.08906,-4.3617673,39.236034,-2.422278,23.165684,-15.353973,56.870815,3.7131224,33.535904,0
44,-249.11493,1629.0793,74.83593,1446.1385,13.071027,669.8653,25.313967,657.1978,-13.091966,127.31758,-1.5935272,241.43375,-18.00731,214.4396,4.2842846,86.29894,-24.03849,86.910255,-1.6720189,86.52707,-8.393802,85.30182,11.982183,39.165535,-17.622648,45.123814,1.7798531,30.861408,-2.4115572,56.961216,-3.1511695,54.778996,-5.1398025,39.25255,-1.183729,36.475403,-13.44986,67.09622,5.3687916,53.510777,0
45,-269.77957,2920.9321,70.79822,823.3814,12.558242,795.3045,23.050888,463.7592,-14.092404,205.8777,3.2985792,199.61964,-24.272707,118.11026,4.102859,99.096146,-21.162926,70.48701,0.2801915,128.60326,-3.42867,67.72651,17.728964,50.71294,-13.671592,56.54814,4.029534,21.901724,-6.833055,64.684906,-3.1744027,69.815186,-4.066633,20.491503,-4.880779,28.93918,-11.661363,61.857082,4.310016,56.70902,0
46,-253.5194,1199.2987,75.7345,1533.2898,6.4162693,953.9348,26.671114,432.0924,-1.7739155,114.19263,-0.60058063,249.67973,-27.648731,111.39499,0.7481976,116.18224,-27.105665,123.284065,5.945149,120.91231,-7.1288533,75.44483,12.359357,49.33208,-14.820794,66.37321,5.131951,62.13002,-1.9130381,58.885513,-4.8248873,36.22218,-7.337079,31.319061,-5.5247808,33.080997,-12.22009,42.02915,2.2112749,24.403105,0
47,-554.6384,19342.367,69.94445,3220.2017,29.887777,333.21585,20.840916,249.52724,18.390886,265.75912,23.884672,210.9191,12.021122,34.39734,8.185299,75.79808,-7.1928844,320.06558,-0.71288073,70.22343,-6.575225,177.41357,1.7571911,36.441868,-2.218963,82.37717,-8.934746,164.08112,-3.5442336,60.49774,2.8270953,28.022943,-2.2325807,63.39633,1.032845,26.092598,1.9737839,20.98768,1.0407654,25.92587,0
48,-562.85315,15824.738,55.94936,3002.0022,20.712929,242.91217,17.664484,150.72078,16.02931,181.88269,18.498055,207.59174,11.836106,60.052425,4.306795,41.662094,-5.94835,244.14238,-0.32866508,40.090385,-5.1850815,176.8686,2.1041336,19.435158,-2.4723094,69.823875,-6.6530704,144.77866,-3.3043377,62.274403,2.374058,12.139993,0.036479887,57.329666,2.5259082,19.748474,2.8530319,15.434064,1.2556554,11.628662,0
49,-575.64325,17355.508,63.840378,2671.5815,21.726315,410.92896,15.2708235,252.61005,13.460411,320.75754,20.822756,253.94261,12.80636,74.63013,3.9874306,42.361927,-8.392588,364.4179,0.28650272,38.04519,-3.5407038,115.526146,0.92471665,22.317278,-3.4812422,82.20305,-7.7487464,146.51645,-3.6554914,63.51942,3.1250062,11.599938,0.06410555,52.102543,2.759355,11.289098,2.3396032,16.463818,0.22247602,12.482455,0
50,-577.21155,16440.752,63.008762,2835.4868,22.217974,336.4242,17.313753,151.66658,15.677624,205.027,21.311037,234.01671,15.046625,89.71186,3.3631225,79.33618,-6.0898104,270.28757,1.3380706,50.984287,-4.307918,224.79912,1.46535,29.579235,-1.7275219,77.691765,-4.783046,135.22256,-3.06772,102.697075,3.8110871,29.213568,-0.72145087,50.83551,2.600132,20.963911,4.40511,28.023426,2.1614084,20.779562,0
51,-585.3101,18903.975,68.466606,2743.065,23.07458,301.05334,16.243235,200.33803,15.012043,176.06615,20.83576,197.40952,17.286512,114.737206,2.8672483,89.27939,-7.9200406,311.92526,1.5721316,48.09752,-3.4506524,206.55162,2.873298,26.399952,-2.046427,118.91757,-4.976544,143.25978,-2.5433576,79.5625,4.6134353,18.325188,0.37385768,62.445778,2.7840836,35.000687,3.9385383,14.38097,1.8915142,20.852203,0
52,-557.6026,19111.162,77.01685,4564.0703,30.602276,327.72964,10.479256,163.94475,12.136514,109.938194,14.582596,288.87167,9.206523,74.97177,8.805732,122.92304,-7.431168,297.99545,-1.2414507,58.414196,-9.483653,252.87347,2.1223867,14.800554,-6.211258,155.59464,-3.995164,70.859695,-0.22176361,39.36443,-0.3374542,15.296425,-1.6364493,66.32378,1.7782599,21.072874,2.091555,13.842081,1.134756,15.928854,1
53,-581.9547,18281.002,77.39775,4505.689,25.935041,109.01477,14.994931,136.32904,15.502207,91.36303,11.740872,233.25137,10.274923,106.61372,6.7866025,76.01684,-7.5243044,253.34557,-1.6692046,48.676346,-5.4188967,134.03502,1.0816947,15.761947,-4.824204,136.07271,-5.0073214,112.77902,0.71890336,37.64955,1.6785877,13.351557,-2.6351137,93.194916,1.9176307,35.68947,1.3718762,14.099656,1.5743504,24.349487,1
54,-578.73615,17169.795,81.44935,4408.2266,26.954449,187.58531,17.113565,106.73747,14.83815,106.43999,12.872079,233.99228,10.468732,87.68551,6.886666,103.66455,-8.0816765,255.79301,-1.7541823,47.336094,-6.2489715,161.18947,0.7898193,35.452076,-5.869069,137.48993,-7.669205,134.85834,1.4920526,59.583725,0.26223084,21.107685,-2.8624542,59.071255,1.2926707,14.122968,1.9007045,12.665572,1.9914069,20.815386,1
55,-571.92584,18496.584,73.770256,4700.97,28.385307,252.60938,11.962172,159.74065,12.98195,104.47376,13.217053,177.75252,8.772736,95.546005,8.106682,84.795135,-7.5167413,303.11145,1.1215715,41.98149,-7.3583646,234.81352,0.5535828,18.670418,-5.5859933,142.94327,-4.8141823,76.25985,-0.8903901,32.750443,-0.03958362,15.331675,-1.5881053,62.432537,2.1203501,26.715788,1.3134136,17.80812,2.0237389,40.49203,1
56,-567.18243,17136.693,72.13399,4811.8643,30.063879,334.13098,14.485662,139.08215,14.063883,116.174034,12.388237,227.18394,10.586468,104.99892,9.362513,79.39847,-6.3938255,243.00446,1.5227113,51.60673,-8.070635,249.92548,1.446757,29.672077,-4.6036463,148.3685,-4.234439,70.50981,-1.5528088,50.970882,0.7689455,16.79573,-2.4784849,67.934006,1.9363818,23.58317,-0.3680212,27.881115,1.5023842,29.911448,1
57,-497.56888,18705.69,103.09473,3853.1536,32.352467,573.0964,26.608835,265.30164,10.191181,396.43243,11.113961,375.56165,5.2097416,255.93001,12.918946,275.24576,-11.51894,253.95555,2.8858006,206.52817,-12.214599,206.06769,-0.40296975,116.670006,-10.472773,196.54938,-9.293569,106.62116,1.2451305,72.204544,-3.9997053,65.61762,-7.86614,103.695465,3.925738,34.909462,-3.9274685,63.47475,-0.33021927,50.611378,1
58,-477.12973,15446.487,124.23144,2879.7205,34.81343,753.74,32.24906,429.58838,11.653239,678.1055,9.477301,435.3861,4.7776713,190.59598,16.327461,364.84692,-13.950492,151.23976,0.78740895,265.4699,-16.674112,226.66183,-2.07505,172.85365,-12.687015,185.20296,-11.842873,142.81,0.34820524,133.71097,-3.1544383,72.660126,-10.6829195,132.95421,2.145228,46.136826,-3.0207388,38.360123,-1.473104,67.54658,1
59,-578.7415,19855.537,73.28233,4189.352,25.22765,89.731514,16.424103,81.858215,6.915253,193.98288,12.837737,261.3447,10.452217,85.448494,8.040658,70.19433,-9.327424,303.14694,0.42078823,24.383917,-6.3180127,170.23068,1.8279173,22.517487,-3.6161525,115.73864,-6.040397,125.22582,1.6089942,74.82115,-0.6941441,29.863018,-1.0994977,50.871067,4.314179,18.318487,0.23832257,27.93919,2.071325,16.55769,1
60,-572.6007,19570.191,78.51809,4299.1104,30.728514,162.44493,19.474133,176.36266,11.943986,220.84117,12.960751,269.8725,11.679138,65.09412,10.098069,131.85477,-4.3500233,245.39357,1.9199173,38.88047,-6.223973,251.08194,2.4485025,17.82833,-3.2429874,128.77635,-4.214739,89.46967,-0.31975004,67.25788,0.40177205,29.286552,-2.7984638,79.608475,1.6291721,38.025772,0.85729975,27.08818,1.6221242,14.620211,1
61,-465.7453,16357.292,120.069855,3837.538,29.948229,794.1365,18.55159,396.80984,13.561841,465.6797,11.494067,423.47842,6.128191,269.54123,10.354427,233.54694,-11.37705,149.79543,6.6780787,278.37375,-17.384722,219.57999,1.6628823,204.34622,-15.590837,231.11751,-8.648672,65.234726,-2.482329,44.941902,-5.843238,70.50579,-8.564632,94.25355,-0.57737476,53.555943,-2.2650337,65.4755,0.004049709,59.680756,1
62,-563.07367,17755.467,78.917786,4212.4653,26.1797,180.53827,19.169733,186.44162,14.375057,254.92038,13.356762,308.07147,9.4567585,75.8226,10.510634,144.13026,-5.4738755,243.16843,-0.3854966,69.78968,-6.36053,184.33936,-0.22855626,39.22855,-2.0333207,78.67148,-4.320452,67.42809,-0.86218774,28.689716,0.21720862,24.638277,-1.0836971,41.51222,1.6547563,26.6926,0.45515314,25.33257,1.0962281,22.19889,1
63,-471.44852,9762.454,125.138176,4253.0923,20.066002,1091.9907,35.663185,575.9438,-2.2693357,487.66443,18.360653,592.6425,10.409649,301.65295,0.2467335,223.15656,-5.610395,238.73244,3.6424124,84.83062,-22.220121,220.95752,-3.1537259,145.93178,-16.01322,80.42872,-11.4133215,105.35462,6.0780907,73.12978,-5.231529,30.890783,-10.038578,53.41646,2.7612362,28.617188,4.6834235,22.891268,-2.071677,44.0877,0
64,-450.92288,16424.422,100.65347,4116.7046,3.3428,1144.8363,31.891384,380.8003,9.139089,547.6463,19.247911,421.80005,13.358714,219.496,-0.19452247,111.28405,-10.280413,277.73846,0.8784094,123.36136,-21.412718,297.20663,-2.9900284,115.084366,-12.790781,101.284775,-10.827343,149.56418,1.3645877,46.956276,-3.4107988,48.566433,-7.6854215,69.03743,0.4428306,40.213165,4.4539847,21.409468,-1.2415466,31.5732,0
65,-504.57175,13667.795,105.65667,3558.224,9.9037485,1275.7657,34.256207,778.1126,17.959917,440.4981,22.296942,451.982,3.0822256,188.42892,3.0046275,138.83795,-4.2876763,313.21286,1.1350808,152.0284,-17.741096,251.2299,-5.2723784,67.01002,-14.803946,101.74634,-9.955205,140.95287,1.8454216,86.20985,-4.7057295,39.01885,-6.4037848,45.390553,2.6472356,43.61145,4.3388357,24.782238,-4.1672006,62.668922,0
66,-452.53003,6134.143,150.9169,4442.819,4.603787,778.5249,23.01175,1057.8186,30.344683,639.66785,18.313688,324.5558,6.924363,162.75613,-8.492413,171.63625,-12.275921,101.99316,-3.4669442,161.05377,-24.442764,192.58936,-2.7187526,119.65985,-16.428404,72.88176,-9.425586,104.15555,-3.0672143,32.926952,-2.5841904,29.702991,-5.7334495,50.793552,1.8935624,41.15458,5.239727,36.852192,-0.5443332,43.168083,0
67,-442.22934,9653.032,107.89152,3574.3938,3.3457491,878.0263,35.5066,496.5851,11.688379,616.53973,23.83492,470.06207,7.5264053,331.35822,-3.7576718,254.95883,-9.041688,279.53088,1.878489,158.28362,-21.229252,148.2749,-2.6573026,143.38187,-16.856499,168.96095,-12.792673,142.38531,8.829605,50.87243,-6.088756,52.599815,-6.9495,74.77962,1.291436,41.532223,7.1945257,36.170143,-2.3558307,31.73158,0
68,-450.63278,2170.2913,112.027695,4442.639,24.744932,1341.0579,44.514782,797.892,4.5428753,643.96967,33.446087,609.9646,15.988949,181.43687,-1.1741484,375.38885,-8.594203,162.0546,1.6292765,140.15794,-28.94859,221.76125,-1.5542768,81.7327,-19.538006,75.31099,-16.365192,101.54068,5.7980127,50.627056,-7.0277486,40.91984,-9.560264,51.533962,3.3134334,32.587673,4.6144333,52.192566,-1.924342,100.38356,0
69,-473.56448,11452.959,92.928024,1714.1295,2.6085455,312.50446,8.28176,437.77063,12.546909,743.27155,15.704754,204.46017,1.7977325,200.3153,0.566311,46.420776,-1.1220514,152.54956,2.9670122,68.41157,-9.629389,101.19031,-8.149613,49.49477,-15.0692425,86.394714,-0.030571798,97.74746,-3.2400877,48.603233,-10.160695,122.67828,0.41103524,57.506252,-2.3465016,40.9836,-3.206973,61.067787,-0.9617418,41.30857,1
70,-388.33917,12948.932,106.9141,1567.3448,11.7392025,713.58923,-6.452983,668.56775,6.266035,759.5047,8.515148,209.0164,-8.753201,252.17654,-4.053219,185.11906,-4.552186,287.47348,1.5580356,108.37772,-20.33192,126.47866,-13.700818,147.5283,-21.528473,137.76505,4.457418,160.32335,-19.753834,188.07852,-4.9490166,69.39863,-5.183291,75.11357,-1.4290888,29.226748,-10.5963955,80.08733,-1.8931826,30.77422,1
71,-394.33057,11891.312,110.38587,1764.9304,9.82994,467.00946,0.56455237,371.191,2.7992826,682.7464,0.13266976,192.22072,-6.61731,349.82654,-3.046345,125.66245,-3.7508698,166.66016,-2.6596026,128.99821,-18.865198,177.03215,-16.357235,117.081635,-17.503986,75.18199,-2.5264666,82.96104,-9.448922,97.78808,-7.518409,56.658882,-3.3332899,79.34243,2.6265051,67.615265,-9.013514,78.985794,-2.5225694,46.781715,1
72,-367.68933,11534.366,117.247635,1554.1019,1.1198581,377.59854,-2.6989615,471.01944,-5.8926105,476.64868,1.6047175,137.92616,4.175859,366.234,-11.06078,175.73573,-4.347912,254.04803,-1.9896988,74.65464,-17.93348,114.962364,-11.625031,134.2616,-20.764362,108.841866,-1.5503882,125.96598,-6.2198324,113.415634,-11.341663,66.53699,-6.9580064,82.57354,7.8465576,46.13566,-8.1395,75.91924,-1.0945774,33.584995,1
73,-378.6969,8179.137,122.01134,1219.5321,0.5018329,546.8921,-3.4794745,496.0328,-4.7523785,445.73328,-3.6135309,323.8155,-2.8853426,266.73648,-8.614477,113.17579,-6.3502817,216.14853,-3.0079267,72.6846,-21.36559,119.71546,-16.279537,132.14203,-18.18823,96.1806,-0.45629436,167.30844,-11.689989,53.781258,-9.941698,62.444626,-6.0863156,106.50772,5.8897715,72.589775,-8.885886,42.239906,-1.7785712,55.632603,1
74,-373.6883,4868.602,128.05627,1333.6943,22.69431,589.74695,4.300455,536.3984,-2.1951282,612.05176,5.54341,150.28143,3.3634694,148.0191,-0.56768113,182.20712,-2.3653915,151.00534,-3.3489277,127.81365,-14.597697,60.964996,-16.497616,91.10212,-21.11004,45.101463,-1.1906214,117.39604,-13.927043,70.27054,-11.637448,63.375164,-6.6597004,95.48694,1.5885354,107.013855,-12.514103,122.068085,-5.525587,51.031338,1
75,-373.08737,8410.4795,126.84122,1206.5876,8.627344,1030.0135,4.019401,486.0377,-8.82191,722.9399,-9.001173,282.31848,-7.3456664,424.04446,-13.428832,168.91599,-1.1300197,177.05792,-4.9835296,78.533035,-17.98521,142.27731,-11.536379,131.46202,-17.424522,113.15679,2.2625937,65.0606,-8.042901,110.70218,-8.095339,108.371796,-4.3961196,76.9764,2.721516,83.484795,-7.601686,55.354515,-0.34488028,53.830654,1
76,-509.35178,13587.725,90.20261,1670.0424,4.5372434,198.89058,15.245784,467.15283,8.63199,447.55167,18.509392,111.350426,-1.8820776,186.07304,3.2267878,117.85747,-4.241846,116.456215,-1.6250507,46.749622,-11.237033,37.5371,-8.647526,50.718086,-14.348427,74.11499,-2.511374,59.67878,-8.607489,35.29355,-6.7780914,51.752586,-2.3391395,29.739468,-1.65158,41.1673,-4.5187845,38.96985,-4.3846173,32.31709,1
77,-451.41705,8615.489,115.03939,1514.3844,10.176617,398.29196,6.2588983,463.77618,-3.2235708,457.2613,5.2770677,211.18246,-9.298843,161.27248,4.2508035,88.697205,-4.340051,123.20473,-0.97027683,81.74027,-14.300697,77.04611,-7.609194,47.060413,-16.595932,52.096535,0.060275115,82.25675,-12.26206,55.55652,-4.831517,42.6539,0.98163533,27.601406,1.059964,35.43324,-2.772543,45.951046,-3.8185694,35.18775,1
78,-458.83612,9605.66,102.77317,1011.46063,3.034236,518.91644,10.746676,374.33792,1.1912988,588.10925,12.470307,181.43991,1.777415,183.30617,7.3962245,141.1432,1.5018153,166.8378,-1.1616089,76.857185,-16.578854,172.5491,-8.764781,61.653793,-19.348896,116.50749,0.7672656,103.17936,-8.863003,54.251553,-6.5320425,113.818535,-1.9982657,48.639454,4.097836,55.770115,-3.3010597,37.69798,-6.2420063,49.44426,1
79,-475.48315,14773.457,90.41728,1805.1578,1.563388,214.11523,8.315346,658.89166,11.87756,755.93726,8.135497,302.43503,4.863627,130.42372,-1.7070551,238.46536,4.518796,111.113976,-4.500441,109.223114,-13.730826,95.4491,-7.494528,90.02972,-19.677494,180.81917,-4.3806224,92.18861,-10.988728,79.55337,-4.1770954,49.118095,-1.1821173,56.202187,2.4568143,46.50946,0.04067906,38.238983,-1.3348182,42.484142,1
80,-428.75253,12245.357,111.497635,1679.0808,14.946808,454.9537,10.7379055,712.37,2.7564077,612.41736,3.326077,448.66953,-0.67891395,248.40862,-8.309916,163.01653,-1.3589815,143.83809,-2.9263217,130.82028,-19.558262,107.063675,-9.315915,53.46698,-22.353796,169.59146,-0.27144128,125.31749,-10.324251,42.62397,-2.6429505,54.66256,-5.510451,84.294174,3.228653,26.147238,-3.5556722,88.700294,-1.3197348,41.3118,1
81,-462.02588,9411.392,119.41776,2599.4292,14.383931,466.046,7.146348,677.20715,0.5737262,601.52466,13.127932,219.17929,2.2056906,160.4664,1.5978197,193.32828,-2.4340699,94.185356,-3.1637578,67.13462,-17.465445,117.445435,-9.20703,70.14569,-17.869305,102.22542,3.2877505,92.194016,-7.6392493,142.14719,-7.3904223,62.625267,-2.304874,35.922592,0.03656745,39.807533,-3.2512782,60.93067,-3.0716822,29.839748,1
82,-430.7602,13669.721,105.60427,2437.7246,13.986611,346.7603,1.2527848,577.86584,-3.1140351,922.59283,12.285687,99.95491,-0.26383075,220.52592,4.4886127,153.21524,-3.3258195,160.67897,-2.0636578,85.41918,-17.722395,135.14818,-9.271965,62.969215,-19.709846,126.504234,-0.18032917,89.742775,-11.155784,58.2936,-7.8413663,57.436398,-3.7638407,23.614597,-1.0050019,28.64355,-4.9430165,61.163036,-4.296964,30.060066,1
83,-387.92548,12918.132,108.279564,1199.035,10.875878,371.9028,-1.2989113,659.56177,-5.663495,593.9148,8.671682,192.24902,-5.668353,173.68584,-0.28999975,131.5037,-15.000649,229.28282,-7.3514934,106.44236,-10.362304,42.34647,-12.684802,47.716732,-21.418163,128.14638,11.207712,185.44666,-10.615043,14.782013,-10.841462,20.209185,-3.1337752,25.619215,3.37214,32.591797,-11.310602,91.688965,-9.1111,70.38428,1
